show_id,director_id,seasons
s2,d861,1 season
s3,d3773,1 season
s4,d3093,1 season
s5,d467,1 season
s6,d4427,1 season
s9,d3445,1 season
s11,d3172,1 season
s12,d2920,1 season
s15,d131,1 season
s16,d1686,1 season
s18,d770,1 season
s20,d2392,1 season
s21,d2434,1 season
s22,d1185,1 season
s26,d3386,1 season
s32,d4118,1 season
s33,d2905,1 season
s34,d475,1 season
s35,d1083,1 season
s38,d2559,1 season
s40,d2048,1 season
s41,d2748,1 season
s48,d976,1 season
s50,d1807,1 season
s51,d190,1 season
s56,d2735,1 season
s66,d3006,1 season
s67,d1900,1 season
s68,d1268,1 season
s70,d1529,1 season
s71,d3203,1 season
s73,d3557,1 season
s75,d3891,1 season
s77,d647,1 season
s83,d2889,1 season
s84,d2436,1 season
s86,d601,1 season
s88,d2364,1 season
s90,d2062,1 season
s93,d242,1 season
s96,d2042,1 season
s98,d2825,1 season
s99,d2613,1 season
s100,d1364,1 season
s101,d1479,1 season
s103,d2557,1 season
s105,d776,1 season
s107,d4015,1 season
s109,d35,1 season
s110,d3153,1 season
s111,d1956,1 season
s112,d1586,1 season
s121,d3944,1 season
s122,d3074,1 season
s124,d1022,1 season
s125,d3462,1 season
s126,d2614,1 season
s133,d3844,1 season
s148,d1501,1 season
s149,d162,1 season
s154,d4298,1 season
s155,d1982,1 season
s161,d996,1 season
s166,d3343,1 season
s182,d3799,1 season
s185,d1276,1 season
s187,d1017,1 season
s188,d338,1 season
s190,d879,1 season
s194,d1077,1 season
s195,d3994,1 season
s198,d380,1 season
s199,d493,1 season
s213,d2063,1 season
s214,d3885,1 season
s219,d65,1 season
s220,d2569,1 season
s221,d2028,1 season
s223,d2696,1 season
s224,d1496,1 season
s225,d392,1 season
s226,d4515,1 season
s227,d4475,1 season
s233,d3562,1 season
s235,d2279,1 season
s242,d3100,1 season
s243,d201,1 season
s244,d3105,1 season
s246,d2455,1 season
s249,d3646,1 season
s255,d805,1 season
s261,d2732,1 season
s264,d2774,1 season
s266,d1571,1 season
s267,d2691,1 season
s270,d3841,1 season
s272,d1029,1 season
s273,d503,1 season
s274,d4494,1 season
s275,d871,1 season
s276,d4489,1 season
s277,d207,1 season
s278,d1485,1 season
s281,d864,1 season
s287,d2791,1 season
s288,d564,1 season
s289,d4192,1 season
s290,d1758,1 season
s292,d1679,1 season
s297,d3243,1 season
s298,d1060,1 season
s310,d1723,1 season
s311,d3315,1 season
s312,d3158,1 season
s313,d2626,1 season
s314,d2730,1 season
s317,d1598,1 season
s320,d3061,1 season
s321,d2694,1 season
s322,d3628,1 season
s323,d1364,1 season
s324,d1982,1 season
s325,d1664,1 season
s332,d1530,1 season
s337,d2039,1 season
s339,d3303,1 season
s362,d2238,1 season
s365,d1307,1 season
s367,d4030,1 season
s369,d2676,1 season
s370,d1283,1 season
s371,d710,1 season
s377,d4414,1 season
s380,d3749,1 season
s381,d664,1 season
s382,d1999,1 season
s383,d3446,1 season
s386,d3744,1 season
s387,d1496,1 season
s389,d3305,1 season
s391,d3764,1 season
s392,d1854,1 season
s398,d1292,1 season
s400,d3582,1 season
s401,d3458,1 season
s402,d1637,1 season
s404,d3697,1 season
s426,d3000,1 season
s431,d3153,1 season
s432,d699,1 season
s435,d2161,1 season
s436,d4098,1 season
s441,d855,1 season
s443,d3475,1 season
s445,d1708,1 season
s454,d2778,1 season
s457,d1734,1 season
s460,d3511,1 season
s466,d203,1 season
s467,d3256,1 season
s473,d4219,1 season
s478,d4497,1 season
s479,d767,1 season
s483,d4390,1 season
s488,d2328,1 season
s489,d2932,1 season
s491,d198,1 season
s494,d1931,1 season
s498,d3583,1 season
s500,d609,1 season
s504,d3273,1 season
s505,d1148,1 season
s510,d4283,1 season
s511,d3398,1 season
s512,d2512,1 season
s513,d1795,1 season
s514,d660,1 season
s515,d2812,1 season
s516,d1370,1 season
s517,d1987,1 season
s518,d147,1 season
s520,d3220,1 season
s521,d2912,1 season
s522,d1735,1 season
s523,d1844,1 season
s524,d489,1 season
s525,d2977,1 season
s526,d1960,1 season
s527,d2386,1 season
s528,d2920,1 season
s531,d1803,1 season
s533,d4062,1 season
s534,d3370,1 season
s536,d263,1 season
s537,d624,1 season
s538,d1017,1 season
s539,d3644,1 season
s540,d2050,1 season
s541,d3724,1 season
s544,d3109,1 season
s545,d4091,1 season
s546,d2057,1 season
s547,d3171,1 season
s548,d1683,1 season
s549,d2256,1 season
s550,d1155,1 season
s554,d4500,1 season
s566,d3192,1 season
s572,d1697,1 season
s578,d3992,1 season
s588,d1649,1 season
s589,d1446,1 season
s591,d4200,1 season
s618,d3924,1 season
s621,d254,1 season
s622,d3184,1 season
s626,d2558,1 season
s627,d99,1 season
s628,d2201,1 season
s629,d2962,1 season
s632,d4434,1 season
s638,d3778,1 season
s639,d2870,1 season
s640,d3235,1 season
s641,d3792,1 season
s643,d957,1 season
s648,d4068,1 season
s649,d161,1 season
s654,d4494,1 season
s658,d1301,1 season
s659,d3988,1 season
s660,d1528,1 season
s661,d1219,1 season
s662,d4497,1 season
s663,d3105,1 season
s664,d2736,1 season
s665,d955,1 season
s666,d3447,1 season
s667,d1046,1 season
s668,d1694,1 season
s669,d3437,1 season
s670,d563,1 season
s674,d2486,1 season
s675,d3355,1 season
s676,d226,1 season
s677,d960,1 season
s678,d3068,1 season
s679,d816,1 season
s680,d3121,1 season
s681,d17,1 season
s682,d1244,1 season
s683,d2206,1 season
s685,d2525,1 season
s687,d1070,1 season
s692,d3445,1 season
s693,d2566,1 season
s697,d1061,1 season
s698,d2328,1 season
s700,d3421,1 season
s701,d302,1 season
s704,d4277,1 season
s707,d607,1 season
s708,d3171,1 season
s710,d700,1 season
s711,d1140,1 season
s714,d191,1 season
s715,d2301,1 season
s716,d981,1 season
s720,d2976,1 season
s721,d1185,1 season
s724,d3328,1 season
s726,d3395,1 season
s727,d128,1 season
s732,d2066,1 season
s734,d1817,1 season
s735,d570,1 season
s738,d1896,1 season
s745,d2734,1 season
s749,d3864,1 season
s750,d4015,1 season
s752,d2902,1 season
s754,d1687,1 season
s759,d3010,1 season
s762,d155,1 season
s764,d2538,1 season
s768,d1410,1 season
s772,d4058,1 season
s773,d785,1 season
s779,d3176,1 season
s781,d4342,1 season
s786,d2807,1 season
s790,d538,1 season
s796,d1842,1 season
s804,d2456,1 season
s806,d525,1 season
s814,d2951,1 season
s821,d4132,1 season
s826,d4116,1 season
s831,d2369,1 season
s832,d3848,1 season
s833,d4496,1 season
s834,d2702,1 season
s836,d972,1 season
s838,d1167,1 season
s843,d2775,1 season
s844,d1983,1 season
s848,d854,1 season
s849,d4147,1 season
s856,d3737,1 season
s858,d3770,1 season
s863,d575,1 season
s869,d3262,1 season
s870,d1149,1 season
s875,d1716,1 season
s877,d3855,1 season
s880,d2492,1 season
s881,d2661,1 season
s884,d3125,1 season
s885,d3052,1 season
s887,d5,1 season
s891,d877,1 season
s897,d992,1 season
s898,d4143,1 season
s901,d4365,1 season
s903,d4466,1 season
s909,d636,1 season
s912,d1694,1 season
s919,d1683,1 season
s920,d120,1 season
s921,d831,1 season
s922,d3676,1 season
s924,d1370,1 season
s926,d741,1 season
s928,d117,1 season
s937,d2839,1 season
s958,d1151,1 season
s961,d1932,1 season
s964,d1013,1 season
s966,d1665,1 season
s968,d1082,1 season
s969,d513,1 season
s973,d2850,1 season
s989,d560,1 season
s994,d3673,1 season
s998,d3344,1 season
s1004,d4071,1 season
s1005,d1471,1 season
s1013,d581,1 season
s1015,d2295,1 season
s1026,d3148,1 season
s1033,d4250,1 season
s1039,d1680,1 season
s1041,d3507,1 season
s1043,d2745,1 season
s1044,d3357,1 season
s1045,d4046,1 season
s1046,d1244,1 season
s1048,d3119,1 season
s1049,d2142,1 season
s1050,d3060,1 season
s1052,d2960,1 season
s1057,d2266,1 season
s1058,d2480,1 season
s1059,d1636,1 season
s1060,d1758,1 season
s1061,d4453,1 season
s1062,d2071,1 season
s1063,d2850,1 season
s1064,d3252,1 season
s1065,d3731,1 season
s1066,d2490,1 season
s1068,d1632,1 season
s1069,d2817,1 season
s1076,d1016,1 season
s1080,d1349,1 season
s1082,d3088,1 season
s1083,d2840,1 season
s1085,d336,1 season
s1092,d896,1 season
s1094,d3547,1 season
s1095,d852,1 season
s1096,d1688,1 season
s1117,d1932,1 season
s1124,d3747,1 season
s1126,d2428,1 season
s1128,d1569,1 season
s1130,d4001,1 season
s1144,d2739,1 season
s1147,d3499,1 season
s1149,d3914,1 season
s1150,d1067,1 season
s1153,d4381,1 season
s1159,d2445,1 season
s1164,d4108,1 season
s1167,d3374,1 season
s1169,d3970,1 season
s1170,d2547,1 season
s1174,d754,1 season
s1175,d2083,1 season
s1180,d2775,1 season
s1181,d2897,1 season
s1182,d4186,1 season
s1183,d776,1 season
s1187,d1626,1 season
s1197,d3070,1 season
s1201,d418,1 season
s1202,d115,1 season
s1206,d617,1 season
s1207,d3975,1 season
s1211,d3268,1 season
s1214,d826,1 season
s1218,d1517,1 season
s1224,d3147,1 season
s1225,d413,1 season
s1226,d729,1 season
s1227,d3349,1 season
s1228,d2809,1 season
s1230,d676,1 season
s1232,d3466,1 season
s1235,d2505,1 season
s1236,d2968,1 season
s1239,d2787,1 season
s1243,d1123,1 season
s1246,d4080,1 season
s1247,d1572,1 season
s1258,d2144,1 season
s1269,d1688,1 season
s1271,d4133,1 season
s1272,d3852,1 season
s1273,d3441,1 season
s1275,d3767,1 season
s1276,d2327,1 season
s1278,d2915,1 season
s1283,d3953,1 season
s1286,d596,1 season
s1294,d729,1 season
s1295,d1366,1 season
s1297,d4493,1 season
s1299,d699,1 season
s1300,d396,1 season
s1301,d4172,1 season
s1302,d4361,1 season
s1303,d2503,1 season
s1307,d1820,1 season
s1309,d718,1 season
s1311,d2783,1 season
s1314,d3578,1 season
s1315,d144,1 season
s1318,d3141,1 season
s1321,d4492,1 season
s1322,d2939,1 season
s1329,d3637,1 season
s1332,d3223,1 season
s1333,d1168,1 season
s1336,d2617,1 season
s1339,d1063,1 season
s1340,d2157,1 season
s1349,d2983,1 season
s1350,d3295,1 season
s1351,d1157,1 season
s1353,d733,1 season
s1355,d4331,1 season
s1356,d954,1 season
s1357,d2540,1 season
s1361,d3325,1 season
s1362,d3302,1 season
s1363,d1543,1 season
s1364,d1192,1 season
s1366,d2994,1 season
s1372,d2682,1 season
s1374,d1218,1 season
s1376,d1541,1 season
s1378,d3237,1 season
s1381,d2387,1 season
s1384,d3720,1 season
s1385,d1389,1 season
s1386,d1857,1 season
s1393,d1366,1 season
s1395,d500,1 season
s1396,d1681,1 season
s1401,d511,1 season
s1402,d4313,1 season
s1403,d1325,1 season
s1405,d1156,1 season
s1409,d1828,1 season
s1417,d3142,1 season
s1420,d3487,1 season
s1428,d1811,1 season
s1430,d2924,1 season
s1431,d2215,1 season
s1433,d4187,1 season
s1438,d714,1 season
s1440,d3603,1 season
s1441,d4135,1 season
s1443,d3523,1 season
s1444,d4269,1 season
s1449,d1244,1 season
s1450,d3710,1 season
s1456,d1082,1 season
s1458,d456,1 season
s1461,d895,1 season
s1463,d1385,1 season
s1464,d1959,1 season
s1466,d3073,1 season
s1474,d1997,1 season
s1477,d4286,1 season
s1478,d505,1 season
s1479,d1215,1 season
s1480,d1532,1 season
s1481,d3441,1 season
s1483,d824,1 season
s1484,d929,1 season
s1488,d134,1 season
s1490,d2106,1 season
s1493,d3628,1 season
s1504,d1853,1 season
s1506,d4176,1 season
s1507,d2934,1 season
s1509,d3285,1 season
s1515,d4299,1 season
s1517,d2812,1 season
s1521,d1251,1 season
s1528,d3513,1 season
s1529,d1257,1 season
s1531,d3377,1 season
s1533,d3487,1 season
s1534,d3585,1 season
s1536,d1397,1 season
s1539,d3638,1 season
s1540,d3331,1 season
s1542,d2704,1 season
s1544,d471,1 season
s1546,d1354,1 season
s1547,d2784,1 season
s1548,d2832,1 season
s1549,d358,1 season
s1552,d3020,1 season
s1553,d668,1 season
s1555,d4469,1 season
s1556,d1146,1 season
s1560,d4186,1 season
s1563,d3720,1 season
s1565,d2746,1 season
s1570,d540,1 season
s1571,d2780,1 season
s1573,d4137,1 season
s1574,d3776,1 season
s1575,d2509,1 season
s1579,d2780,1 season
s1580,d925,1 season
s1584,d2957,1 season
s1586,d1582,1 season
s1587,d3325,1 season
s1588,d4486,1 season
s1590,d256,1 season
s1591,d1839,1 season
s1594,d1945,1 season
s1597,d10,1 season
s1604,d2872,1 season
s1606,d798,1 season
s1612,d1016,1 season
s1615,d1825,1 season
s1616,d4470,1 season
s1619,d3137,1 season
s1620,d2194,1 season
s1623,d224,1 season
s1624,d4159,1 season
s1626,d3926,1 season
s1628,d4001,1 season
s1629,d1634,1 season
s1635,d2153,1 season
s1639,d511,1 season
s1640,d385,1 season
s1641,d405,1 season
s1642,d2001,1 season
s1650,d2757,1 season
s1655,d1669,1 season
s1659,d1461,1 season
s1662,d3637,1 season
s1668,d2725,1 season
s1669,d4179,1 season
s1671,d2049,1 season
s1673,d4147,1 season
s1685,d717,1 season
s1688,d1824,1 season
s1689,d2082,1 season
s1693,d3420,1 season
s1694,d1575,1 season
s1697,d250,1 season
s1698,d674,1 season
s1699,d2166,1 season
s1702,d771,1 season
s1707,d3963,1 season
s1709,d4364,1 season
s1712,d1985,1 season
s1716,d1078,1 season
s1717,d236,1 season
s1718,d389,1 season
s1719,d3038,1 season
s1722,d1849,1 season
s1723,d2815,1 season
s1724,d3375,1 season
s1725,d3279,1 season
s1727,d1253,1 season
s1731,d3982,1 season
s1734,d2123,1 season
s1738,d2151,1 season
s1741,d1330,1 season
s1747,d1359,1 season
s1749,d2483,1 season
s1751,d2018,1 season
s1755,d1332,1 season
s1756,d4345,1 season
s1757,d4262,1 season
s1758,d1359,1 season
s1759,d3178,1 season
s1760,d2129,1 season
s1761,d2181,1 season
s1766,d138,1 season
s1767,d3473,1 season
s1770,d2833,1 season
s1772,d3580,1 season
s1774,d3032,1 season
s1779,d4165,1 season
s1780,d2594,1 season
s1782,d4301,1 season
s1783,d3819,1 season
s1791,d4139,1 season
s1792,d3824,1 season
s1795,d4043,1 season
s1800,d1907,1 season
s1801,d761,1 season
s1804,d3446,1 season
s1805,d900,1 season
s1814,d4456,1 season
s1829,d2948,1 season
s1835,d1720,1 season
s1838,d281,1 season
s1840,d3267,1 season
s1841,d1888,1 season
s1842,d3267,1 season
s1848,d667,1 season
s1849,d4189,1 season
s1852,d672,1 season
s1853,d1970,1 season
s1855,d4157,1 season
s1861,d3123,1 season
s1865,d3901,1 season
s1869,d524,1 season
s1874,d2394,1 season
s1876,d3118,1 season
s1878,d2594,1 season
s1879,d1969,1 season
s1881,d1754,1 season
s1886,d2297,1 season
s1890,d2262,1 season
s1891,d2287,1 season
s1894,d4203,1 season
s1895,d2879,1 season
s1896,d4144,1 season
s1907,d3645,1 season
s1908,d4433,1 season
s1909,d2056,1 season
s1911,d1277,1 season
s1915,d2767,1 season
s1916,d303,1 season
s1918,d639,1 season
s1919,d56,1 season
s1923,d526,1 season
s1924,d4124,1 season
s1926,d2126,1 season
s1929,d3288,1 season
s1930,d365,1 season
s1934,d1647,1 season
s1948,d919,1 season
s1949,d2798,1 season
s1950,d1532,1 season
s1952,d3346,1 season
s1953,d1907,1 season
s1955,d3087,1 season
s1956,d2076,1 season
s1959,d714,1 season
s1962,d1063,1 season
s1974,d1977,1 season
s1979,d1297,1 season
s1980,d126,1 season
s1981,d3597,1 season
s1984,d3284,1 season
s1989,d1604,1 season
s1990,d67,1 season
s1991,d233,1 season
s1992,d2157,1 season
s1994,d1170,1 season
s1995,d2159,1 season
s1999,d4207,1 season
s2003,d1494,1 season
s2007,d4008,1 season
s2009,d2473,1 season
s2010,d2661,1 season
s2013,d2740,1 season
s2014,d1762,1 season
s2022,d3515,1 season
s2023,d1976,1 season
s2033,d2363,1 season
s2034,d877,1 season
s2038,d3813,1 season
s2041,d3449,1 season
s2043,d1313,1 season
s2045,d1461,1 season
s2048,d2710,1 season
s2054,d2325,1 season
s2055,d1734,1 season
s2059,d1606,1 season
s2063,d2564,1 season
s2064,d3422,1 season
s2065,d3518,1 season
s2067,d2398,1 season
s2069,d3736,1 season
s2070,d2871,1 season
s2071,d1161,1 season
s2074,d243,1 season
s2079,d2591,1 season
s2081,d1064,1 season
s2086,d4325,1 season
s2087,d2596,1 season
s2090,d920,1 season
s2094,d6,1 season
s2097,d468,1 season
s2099,d4171,1 season
s2100,d4,1 season
s2102,d646,1 season
s2103,d118,1 season
s2106,d2929,1 season
s2107,d2552,1 season
s2109,d4290,1 season
s2113,d847,1 season
s2114,d2763,1 season
s2119,d1142,1 season
s2123,d1811,1 season
s2124,d724,1 season
s2125,d225,1 season
s2126,d4209,1 season
s2128,d2049,1 season
s2134,d4416,1 season
s2135,d1574,1 season
s2136,d1829,1 season
s2137,d1918,1 season
s2141,d4235,1 season
s2145,d2027,1 season
s2146,d3745,1 season
s2149,d902,1 season
s2152,d2040,1 season
s2153,d10,1 season
s2154,d261,1 season
s2157,d1674,1 season
s2158,d2220,1 season
s2159,d2061,1 season
s2161,d3714,1 season
s2163,d1620,1 season
s2166,d321,1 season
s2169,d1343,1 season
s2171,d2377,1 season
s2174,d2833,1 season
s2175,d2825,1 season
s2176,d1995,1 season
s2179,d2959,1 season
s2181,d2039,1 season
s2182,d3491,1 season
s2185,d3678,1 season
s2190,d1119,1 season
s2191,d1605,1 season
s2193,d4028,1 season
s2195,d236,1 season
s2202,d1970,1 season
s2204,d4430,1 season
s2213,d1909,1 season
s2215,d376,1 season
s2218,d3531,1 season
s2219,d2636,1 season
s2223,d1571,1 season
s2224,d2561,1 season
s2226,d3392,1 season
s2227,d2966,1 season
s2228,d3644,1 season
s2230,d3851,1 season
s2231,d873,1 season
s2236,d1253,1 season
s2238,d1315,1 season
s2239,d2899,1 season
s2242,d78,1 season
s2246,d2622,1 season
s2247,d4228,1 season
s2250,d601,1 season
s2252,d1066,1 season
s2254,d2137,1 season
s2255,d2450,1 season
s2256,d2344,1 season
s2259,d1864,1 season
s2276,d1319,1 season
s2293,d3598,1 season
s2294,d3763,1 season
s2298,d2191,1 season
s2299,d993,1 season
s2300,d2713,1 season
s2302,d2193,1 season
s2304,d1249,1 season
s2306,d3055,1 season
s2307,d4034,1 season
s2308,d1998,1 season
s2314,d3688,1 season
s2319,d2152,1 season
s2321,d4019,1 season
s2323,d3111,1 season
s2328,d1971,1 season
s2330,d198,1 season
s2332,d2627,1 season
s2338,d1203,1 season
s2344,d2036,1 season
s2347,d478,1 season
s2350,d1255,1 season
s2353,d923,1 season
s2358,d420,1 season
s2360,d2205,1 season
s2363,d2598,1 season
s2379,d1121,1 season
s2384,d3069,1 season
s2389,d951,1 season
s2391,d2337,1 season
s2395,d2244,1 season
s2396,d2646,1 season
s2397,d1858,1 season
s2400,d1866,1 season
s2401,d2913,1 season
s2402,d2854,1 season
s2405,d3229,1 season
s2406,d3720,1 season
s2407,d3229,1 season
s2409,d2372,1 season
s2410,d2892,1 season
s2416,d3757,1 season
s2418,d4226,1 season
s2423,d95,1 season
s2424,d2675,1 season
s2427,d1956,1 season
s2433,d794,1 season
s2445,d1835,1 season
s2448,d2117,1 season
s2450,d4107,1 season
s2451,d3326,1 season
s2453,d2920,1 season
s2454,d2598,1 season
s2460,d3206,1 season
s2462,d815,1 season
s2463,d346,1 season
s2467,d2350,1 season
s2471,d363,1 season
s2473,d2444,1 season
s2474,d2266,1 season
s2477,d2189,1 season
s2481,d3006,1 season
s2487,d3282,1 season
s2496,d985,1 season
s2500,d1640,1 season
s2508,d828,1 season
s2509,d2731,1 season
s2515,d3532,1 season
s2516,d4452,1 season
s2518,d2936,1 season
s2519,d3877,1 season
s2520,d127,1 season
s2523,d3178,1 season
s2524,d3057,1 season
s2525,d604,1 season
s2526,d3450,1 season
s2527,d4147,1 season
s2528,d3534,1 season
s2529,d3368,1 season
s2530,d3369,1 season
s2531,d3798,1 season
s2543,d1793,1 season
s2547,d2862,1 season
s2549,d3477,1 season
s2552,d3418,1 season
s2553,d1646,1 season
s2554,d1206,1 season
s2555,d3031,1 season
s2558,d2873,1 season
s2566,d3073,1 season
s2569,d1855,1 season
s2570,d4022,1 season
s2575,d2709,1 season
s2576,d3503,1 season
s2581,d1333,1 season
s2584,d202,1 season
s2586,d3508,1 season
s2587,d4213,1 season
s2589,d575,1 season
s2591,d537,1 season
s2599,d1626,1 season
s2600,d2123,1 season
s2601,d386,1 season
s2603,d3282,1 season
s2604,d475,1 season
s2607,d418,1 season
s2610,d3601,1 season
s2612,d955,1 season
s2628,d1206,1 season
s2629,d4121,1 season
s2632,d1991,1 season
s2640,d3573,1 season
s2641,d4381,1 season
s2642,d4159,1 season
s2644,d2714,1 season
s2646,d2204,1 season
s2649,d3121,1 season
s2652,d967,1 season
s2658,d3433,1 season
s2659,d689,1 season
s2660,d4244,1 season
s2661,d3702,1 season
s2662,d342,1 season
s2663,d1725,1 season
s2665,d4423,1 season
s2666,d1793,1 season
s2667,d1760,1 season
s2670,d3213,1 season
s2671,d990,1 season
s2676,d2263,1 season
s2677,d2483,1 season
s2685,d952,1 season
s2692,d723,1 season
s2697,d3390,1 season
s2699,d2080,1 season
s2700,d2718,1 season
s2709,d2333,1 season
s2711,d3377,1 season
s2719,d4525,1 season
s2728,d1501,1 season
s2737,d286,1 season
s2740,d3496,1 season
s2741,d2066,1 season
s2743,d769,1 season
s2744,d3058,1 season
s2747,d4290,1 season
s2749,d2162,1 season
s2752,d3294,1 season
s2753,d947,1 season
s2760,d3336,1 season
s2762,d4151,1 season
s2765,d1482,1 season
s2766,d1902,1 season
s2768,d3452,1 season
s2773,d4065,1 season
s2775,d55,1 season
s2778,d1824,1 season
s2784,d3463,1 season
s2785,d3080,1 season
s2786,d833,1 season
s2788,d4409,1 season
s2789,d2807,1 season
s2791,d2491,1 season
s2792,d328,1 season
s2793,d3311,1 season
s2794,d3301,1 season
s2795,d3676,1 season
s2796,d3055,1 season
s2798,d2144,1 season
s2803,d1312,1 season
s2805,d3192,1 season
s2808,d2539,1 season
s2809,d3984,1 season
s2814,d165,1 season
s2817,d4278,1 season
s2819,d823,1 season
s2822,d944,1 season
s2825,d4426,1 season
s2826,d775,1 season
s2827,d2199,1 season
s2828,d3157,1 season
s2839,d4243,1 season
s2842,d3696,1 season
s2847,d3453,1 season
s2855,d915,1 season
s2856,d1309,1 season
s2858,d4178,1 season
s2869,d514,1 season
s2871,d1921,1 season
s2872,d3595,1 season
s2873,d1410,1 season
s2875,d3191,1 season
s2876,d4492,1 season
s2878,d1556,1 season
s2881,d805,1 season
s2884,d1280,1 season
s2889,d3578,1 season
s2891,d2902,1 season
s2892,d1388,1 season
s2893,d2762,1 season
s2894,d2680,1 season
s2895,d2107,1 season
s2901,d4224,1 season
s2903,d2769,1 season
s2907,d3954,1 season
s2911,d3187,1 season
s2918,d3281,1 season
s2921,d2574,1 season
s2922,d2600,1 season
s2923,d4034,1 season
s2924,d237,1 season
s2927,d1305,1 season
s2932,d3431,1 season
s2938,d1302,1 season
s2939,d2542,1 season
s2942,d2052,1 season
s2943,d442,1 season
s2945,d2077,1 season
s2946,d3181,1 season
s2948,d2658,1 season
s2949,d3799,1 season
s2954,d805,1 season
s2959,d75,1 season
s2960,d2176,1 season
s2963,d3925,1 season
s2966,d2090,1 season
s2967,d41,1 season
s2968,d2082,1 season
s2972,d1623,1 season
s2975,d342,1 season
s2977,d4053,1 season
s2978,d2075,1 season
s2980,d646,1 season
s2981,d4264,1 season
s2983,d610,1 season
s2984,d455,1 season
s2985,d2954,1 season
s2992,d1709,1 season
s2993,d3473,1 season
s2994,d2970,1 season
s2995,d3029,1 season
s2998,d2682,1 season
s2999,d3630,1 season
s3000,d4226,1 season
s3001,d3068,1 season
s3002,d1387,1 season
s3006,d3777,1 season
s3011,d2867,1 season
s3012,d3364,1 season
s3013,d4125,1 season
s3014,d149,1 season
s3016,d3851,1 season
s3021,d2059,1 season
s3025,d1137,1 season
s3029,d187,1 season
s3031,d2855,1 season
s3034,d1251,1 season
s3035,d1334,1 season
s3036,d4194,1 season
s3037,d4151,1 season
s3038,d2712,1 season
s3040,d4502,1 season
s3041,d1786,1 season
s3043,d751,1 season
s3046,d1763,1 season
s3048,d3921,1 season
s3050,d4461,1 season
s3051,d482,1 season
s3053,d154,1 season
s3054,d1525,1 season
s3056,d2121,1 season
s3057,d2344,1 season
s3064,d1241,1 season
s3066,d61,1 season
s3067,d939,1 season
s3068,d1640,1 season
s3072,d4121,1 season
s3075,d4227,1 season
s3076,d3570,1 season
s3077,d1253,1 season
s3080,d4204,1 season
s3083,d172,1 season
s3084,d1459,1 season
s3085,d3550,1 season
s3086,d4198,1 season
s3087,d2323,1 season
s3088,d1637,1 season
s3089,d3116,1 season
s3093,d4091,1 season
s3096,d3005,1 season
s3097,d330,1 season
s3104,d3641,1 season
s3107,d3895,1 season
s3109,d4108,1 season
s3112,d1342,1 season
s3118,d3664,1 season
s3120,d216,1 season
s3121,d339,1 season
s3122,d4063,1 season
s3123,d2709,1 season
s3128,d3153,1 season
s3129,d1751,1 season
s3130,d2422,1 season
s3131,d710,1 season
s3138,d3727,1 season
s3147,d3643,1 season
s3149,d3994,1 season
s3166,d489,1 season
s3169,d47,1 season
s3174,d3360,1 season
s3175,d401,1 season
s3176,d3991,1 season
s3177,d3158,1 season
s3178,d4346,1 season
s3183,d391,1 season
s3184,d3854,1 season
s3185,d4431,1 season
s3186,d629,1 season
s3188,d4233,1 season
s3193,d2931,1 season
s3200,d1522,1 season
s3205,d827,1 season
s3209,d1501,1 season
s3213,d3295,1 season
s3217,d2420,1 season
s3220,d935,1 season
s3221,d3043,1 season
s3222,d4498,1 season
s3223,d1467,1 season
s3231,d3562,1 season
s3233,d615,1 season
s3237,d1183,1 season
s3239,d3224,1 season
s3242,d2668,1 season
s3243,d131,1 season
s3244,d2984,1 season
s3246,d4279,1 season
s3247,d4460,1 season
s3248,d39,1 season
s3250,d3960,1 season
s3253,d3588,1 season
s3256,d921,1 season
s3258,d2770,1 season
s3259,d4112,1 season
s3264,d493,1 season
s3270,d1132,1 season
s3271,d3522,1 season
s3272,d311,1 season
s3275,d739,1 season
s3276,d3242,1 season
s3277,d546,1 season
s3278,d2462,1 season
s3280,d4347,1 season
s3282,d1805,1 season
s3283,d3213,1 season
s3284,d3811,1 season
s3285,d814,1 season
s3287,d4125,1 season
s3288,d2033,1 season
s3289,d4414,1 season
s3292,d245,1 season
s3294,d272,1 season
s3295,d3512,1 season
s3296,d1772,1 season
s3299,d1263,1 season
s3302,d2425,1 season
s3305,d4362,1 season
s3307,d921,1 season
s3311,d3431,1 season
s3314,d4436,1 season
s3317,d4485,1 season
s3326,d2625,1 season
s3328,d3761,1 season
s3329,d2051,1 season
s3331,d3501,1 season
s3334,d1166,1 season
s3337,d376,1 season
s3340,d2034,1 season
s3341,d146,1 season
s3342,d4389,1 season
s3343,d432,1 season
s3345,d705,1 season
s3346,d2633,1 season
s3352,d4495,1 season
s3353,d964,1 season
s3356,d2235,1 season
s3357,d2042,1 season
s3358,d1829,1 season
s3359,d2109,1 season
s3361,d4069,1 season
s3362,d939,1 season
s3364,d807,1 season
s3368,d1464,1 season
s3369,d3416,1 season
s3370,d11,1 season
s3371,d1869,1 season
s3374,d885,1 season
s3376,d3565,1 season
s3378,d1390,1 season
s3379,d3402,1 season
s3382,d4322,1 season
s3383,d825,1 season
s3386,d2266,1 season
s3394,d937,1 season
s3401,d2801,1 season
s3402,d2554,1 season
s3404,d3846,1 season
s3405,d1797,1 season
s3407,d54,1 season
s3411,d727,1 season
s3415,d2737,1 season
s3416,d3171,1 season
s3417,d1914,1 season
s3421,d1597,1 season
s3424,d1915,1 season
s3427,d2467,1 season
s3431,d2738,1 season
s3434,d850,1 season
s3436,d2110,1 season
s3438,d3,1 season
s3441,d4256,1 season
s3445,d4070,1 season
s3446,d893,1 season
s3450,d2031,1 season
s3453,d3161,1 season
s3454,d2377,1 season
s3455,d1934,1 season
s3456,d1381,1 season
s3458,d3682,1 season
s3459,d1291,1 season
s3462,d1641,1 season
s3463,d2683,1 season
s3464,d988,1 season
s3465,d1219,1 season
s3467,d1356,1 season
s3468,d4266,1 season
s3471,d4136,1 season
s3474,d1561,1 season
s3475,d1419,1 season
s3478,d955,1 season
s3482,d984,1 season
s3484,d975,1 season
s3489,d4134,1 season
s3490,d3973,1 season
s3492,d914,1 season
s3500,d37,1 season
s3502,d3388,1 season
s3503,d1712,1 season
s3504,d3021,1 season
s3505,d796,1 season
s3506,d4037,1 season
s3507,d3112,1 season
s3511,d1325,1 season
s3516,d318,1 season
s3520,d2397,1 season
s3522,d2163,1 season
s3525,d2746,1 season
s3526,d1592,1 season
s3527,d3112,1 season
s3528,d3931,1 season
s3535,d1997,1 season
s3540,d1313,1 season
s3541,d1286,1 season
s3542,d4312,1 season
s3544,d2384,1 season
s3547,d3240,1 season
s3551,d2140,1 season
s3552,d1705,1 season
s3553,d363,1 season
s3554,d2605,1 season
s3559,d1717,1 season
s3562,d4452,1 season
s3563,d4287,1 season
s3572,d3739,1 season
s3576,d2470,1 season
s3577,d557,1 season
s3578,d826,1 season
s3579,d2809,1 season
s3580,d4522,1 season
s3582,d2720,1 season
s3586,d3509,1 season
s3588,d3742,1 season
s3589,d1575,1 season
s3590,d3999,1 season
s3591,d2130,1 season
s3593,d2404,1 season
s3598,d3330,1 season
s3599,d589,1 season
s3601,d2013,1 season
s3602,d1548,1 season
s3605,d295,1 season
s3606,d1986,1 season
s3607,d3118,1 season
s3608,d1691,1 season
s3609,d1137,1 season
s3610,d2065,1 season
s3611,d4456,1 season
s3612,d1008,1 season
s3613,d2515,1 season
s3614,d3527,1 season
s3615,d1248,1 season
s3616,d3903,1 season
s3625,d1436,1 season
s3628,d572,1 season
s3633,d2383,1 season
s3634,d1246,1 season
s3637,d2085,1 season
s3641,d278,1 season
s3643,d1888,1 season
s3645,d1266,1 season
s3652,d1041,1 season
s3654,d918,1 season
s3655,d886,1 season
s3656,d2753,1 season
s3657,d22,1 season
s3660,d3192,1 season
s3661,d2354,1 season
s3664,d687,1 season
s3665,d285,1 season
s3666,d3748,1 season
s3667,d763,1 season
s3668,d2429,1 season
s3670,d2508,1 season
s3672,d29,1 season
s3674,d907,1 season
s3675,d3105,1 season
s3678,d4000,1 season
s3681,d2995,1 season
s3683,d2507,1 season
s3685,d3610,1 season
s3686,d3554,1 season
s3687,d1454,1 season
s3688,d3357,1 season
s3689,d516,1 season
s3690,d39,1 season
s3691,d3343,1 season
s3692,d887,1 season
s3693,d2845,1 season
s3695,d2205,1 season
s3696,d1099,1 season
s3697,d1824,1 season
s3701,d3202,1 season
s3703,d3156,1 season
s3705,d3094,1 season
s3706,d3531,1 season
s3708,d3779,1 season
s3709,d2897,1 season
s3711,d3454,1 season
s3717,d3512,1 season
s3720,d989,1 season
s3722,d4117,1 season
s3723,d4027,1 season
s3724,d4180,1 season
s3725,d1683,1 season
s3726,d3964,1 season
s3727,d934,1 season
s3728,d3599,1 season
s3737,d3234,1 season
s3738,d1981,1 season
s3742,d1856,1 season
s3743,d3057,1 season
s3744,d793,1 season
s3745,d792,1 season
s3746,d1810,1 season
s3747,d2256,1 season
s3749,d3611,1 season
s3750,d1608,1 season
s3751,d985,1 season
s3752,d3677,1 season
s3753,d3381,1 season
s3755,d520,1 season
s3756,d591,1 season
s3761,d1051,1 season
s3763,d3634,1 season
s3770,d4445,1 season
s3771,d960,1 season
s3775,d693,1 season
s3779,d3900,1 season
s3780,d4474,1 season
s3781,d2947,1 season
s3783,d527,1 season
s3785,d3225,1 season
s3788,d2254,1 season
s3790,d3345,1 season
s3793,d3966,1 season
s3795,d1876,1 season
s3797,d1764,1 season
s3800,d521,1 season
s3802,d1017,1 season
s3807,d117,1 season
s3808,d2434,1 season
s3809,d584,1 season
s3813,d395,1 season
s3818,d3789,1 season
s3822,d2769,1 season
s3824,d4168,1 season
s3825,d3861,1 season
s3827,d274,1 season
s3832,d2014,1 season
s3836,d4434,1 season
s3838,d1390,1 season
s3839,d3567,1 season
s3840,d166,1 season
s3841,d1568,1 season
s3844,d729,1 season
s3845,d2044,1 season
s3846,d4198,1 season
s3847,d3497,1 season
s3848,d779,1 season
s3849,d214,1 season
s3850,d3763,1 season
s3851,d1577,1 season
s3852,d2449,1 season
s3853,d2937,1 season
s3854,d3118,1 season
s3855,d592,1 season
s3856,d2721,1 season
s3857,d714,1 season
s3861,d936,1 season
s3862,d4338,1 season
s3865,d2,1 season
s3868,d2849,1 season
s3871,d4045,1 season
s3877,d1950,1 season
s3879,d918,1 season
s3880,d3175,1 season
s3881,d2242,1 season
s3882,d90,1 season
s3883,d1710,1 season
s3884,d2170,1 season
s3885,d4239,1 season
s3887,d3042,1 season
s3888,d106,1 season
s3893,d887,1 season
s3894,d428,1 season
s3898,d1896,1 season
s3899,d317,1 season
s3901,d635,1 season
s3902,d1926,1 season
s3903,d2057,1 season
s3921,d3145,1 season
s3926,d2271,1 season
s3928,d1440,1 season
s3929,d553,1 season
s3932,d716,1 season
s3935,d3912,1 season
s3937,d1714,1 season
s3938,d3390,1 season
s3939,d1108,1 season
s3941,d4207,1 season
s3942,d251,1 season
s3943,d2431,1 season
s3944,d2055,1 season
s3945,d459,1 season
s3947,d208,1 season
s3950,d900,1 season
s3954,d3462,1 season
s3957,d3386,1 season
s3959,d22,1 season
s3962,d410,1 season
s3965,d895,1 season
s3966,d515,1 season
s3969,d4110,1 season
s3970,d2135,1 season
s3971,d3596,1 season
s3972,d2957,1 season
s3977,d1561,1 season
s3980,d1267,1 season
s3981,d2170,1 season
s3982,d3639,1 season
s3985,d750,1 season
s3987,d3428,1 season
s3989,d1928,1 season
s3990,d3805,1 season
s3997,d3703,1 season
s3999,d2357,1 season
s4002,d2336,1 season
s4007,d307,1 season
s4013,d3666,1 season
s4015,d1990,1 season
s4016,d662,1 season
s4017,d312,1 season
s4023,d2921,1 season
s4024,d1083,1 season
s4027,d2972,1 season
s4028,d755,1 season
s4029,d4131,1 season
s4030,d353,1 season
s4031,d903,1 season
s4033,d3889,1 season
s4036,d159,1 season
s4043,d1978,1 season
s4044,d957,1 season
s4045,d2072,1 season
s4055,d404,1 season
s4056,d2780,1 season
s4057,d1388,1 season
s4058,d3454,1 season
s4064,d956,1 season
s4080,d1713,1 season
s4085,d1274,1 season
s4090,d3812,1 season
s4091,d2626,1 season
s4105,d2383,1 season
s4106,d1442,1 season
s4110,d2980,1 season
s4112,d1798,1 season
s4115,d4391,1 season
s4117,d4010,1 season
s4119,d1395,1 season
s4120,d4282,1 season
s4123,d1270,1 season
s4126,d3715,1 season
s4127,d530,1 season
s4128,d3624,1 season
s4130,d2959,1 season
s4131,d2915,1 season
s4132,d3592,1 season
s4133,d2148,1 season
s4142,d3370,1 season
s4143,d940,1 season
s4144,d526,1 season
s4145,d2,1 season
s4150,d375,1 season
s4163,d2341,1 season
s4164,d4006,1 season
s4167,d3053,1 season
s4168,d2366,1 season
s4169,d1526,1 season
s4172,d4477,1 season
s4173,d1647,1 season
s4175,d14,1 season
s4179,d2279,1 season
s4180,d3156,1 season
s4184,d130,1 season
s4185,d3815,1 season
s4190,d3217,1 season
s4197,d2939,1 season
s4200,d3929,1 season
s4201,d2041,1 season
s4202,d28,1 season
s4203,d2114,1 season
s4207,d1253,1 season
s4208,d4357,1 season
s4216,d2047,1 season
s4217,d4024,1 season
s4219,d4397,1 season
s4221,d3375,1 season
s4227,d3467,1 season
s4228,d3082,1 season
s4251,d3779,1 season
s4252,d630,1 season
s4255,d270,1 season
s4257,d2640,1 season
s4258,d1994,1 season
s4261,d2892,1 season
s4262,d3433,1 season
s4263,d1281,1 season
s4264,d2361,1 season
s4265,d576,1 season
s4266,d1308,1 season
s4267,d3193,1 season
s4270,d3179,1 season
s4271,d2735,1 season
s4272,d2213,1 season
s4273,d2353,1 season
s4274,d3569,1 season
s4275,d1656,1 season
s4277,d1580,1 season
s4280,d2204,1 season
s4285,d1391,1 season
s4289,d1743,1 season
s4291,d1926,1 season
s4297,d620,1 season
s4305,d1275,1 season
s4306,d957,1 season
s4308,d1940,1 season
s4309,d3954,1 season
s4310,d2382,1 season
s4311,d969,1 season
s4312,d1317,1 season
s4313,d1044,1 season
s4317,d282,1 season
s4321,d2845,1 season
s4322,d1059,1 season
s4327,d4294,1 season
s4328,d2533,1 season
s4341,d3829,1 season
s4351,d1009,1 season
s4354,d1230,1 season
s4357,d1036,1 season
s4360,d276,1 season
s4363,d2741,1 season
s4364,d2290,1 season
s4366,d1240,1 season
s4367,d126,1 season
s4368,d4066,1 season
s4369,d4313,1 season
s4372,d3869,1 season
s4373,d1209,1 season
s4377,d3250,1 season
s4380,d919,1 season
s4381,d3924,1 season
s4382,d4404,1 season
s4385,d1970,1 season
s4388,d2794,1 season
s4390,d892,1 season
s4400,d4471,1 season
s4401,d2034,1 season
s4404,d1365,1 season
s4406,d129,1 season
s4407,d1015,1 season
s4408,d1800,1 season
s4409,d1519,1 season
s4410,d4182,1 season
s4411,d1199,1 season
s4414,d3874,1 season
s4416,d2475,1 season
s4431,d3486,1 season
s4437,d4050,1 season
s4462,d3720,1 season
s4470,d303,1 season
s4477,d3953,1 season
s4479,d987,1 season
s4480,d1864,1 season
s4484,d4441,1 season
s4486,d3073,1 season
s4488,d3125,1 season
s4489,d1328,1 season
s4490,d2409,1 season
s4495,d3674,1 season
s4496,d3292,1 season
s4499,d4034,1 season
s4502,d704,1 season
s4504,d575,1 season
s4505,d3233,1 season
s4509,d2633,1 season
s4512,d3829,1 season
s4515,d3231,1 season
s4518,d489,1 season
s4519,d1348,1 season
s4521,d3682,1 season
s4522,d3174,1 season
s4524,d1668,1 season
s4528,d1638,1 season
s4530,d4115,1 season
s4531,d3554,1 season
s4532,d1001,1 season
s4536,d851,1 season
s4537,d1389,1 season
s4543,d3713,1 season
s4550,d1368,1 season
s4551,d822,1 season
s4552,d455,1 season
s4554,d1625,1 season
s4571,d2773,1 season
s4605,d3727,1 season
s4609,d3148,1 season
s4622,d4090,1 season
s4623,d2191,1 season
s4624,d917,1 season
s4628,d3987,1 season
s4629,d2876,1 season
s4630,d1441,1 season
s4633,d4401,1 season
s4634,d736,1 season
s4635,d3569,1 season
s4636,d3339,1 season
s4637,d3016,1 season
s4638,d2890,1 season
s4639,d962,1 season
s4640,d2990,1 season
s4641,d3849,1 season
s4644,d1027,1 season
s4646,d3866,1 season
s4648,d2864,1 season
s4649,d2502,1 season
s4651,d1948,1 season
s4652,d1178,1 season
s4653,d12,1 season
s4655,d4400,1 season
s4656,d3365,1 season
s4659,d3023,1 season
s4663,d3372,1 season
s4664,d2831,1 season
s4665,d43,1 season
s4671,d944,1 season
s4673,d2391,1 season
s4674,d2546,1 season
s4675,d2412,1 season
s4677,d1005,1 season
s4678,d21,1 season
s4679,d407,1 season
s4683,d1015,1 season
s4686,d4432,1 season
s4688,d1839,1 season
s4690,d3189,1 season
s4697,d715,1 season
s4703,d4147,1 season
s4704,d3855,1 season
s4705,d4420,1 season
s4710,d141,1 season
s4711,d964,1 season
s4712,d373,1 season
s4717,d3636,1 season
s4718,d2542,1 season
s4739,d3611,1 season
s4742,d1693,1 season
s4743,d106,1 season
s4744,d1682,1 season
s4745,d4098,1 season
s4748,d4017,1 season
s4751,d2637,1 season
s4753,d2138,1 season
s4755,d3417,1 season
s4759,d4446,1 season
s4760,d3531,1 season
s4763,d1287,1 season
s4764,d3180,1 season
s4765,d3655,1 season
s4768,d2360,1 season
s4772,d445,1 season
s4773,d36,1 season
s4777,d1476,1 season
s4778,d3958,1 season
s4779,d1799,1 season
s4780,d1846,1 season
s4781,d1409,1 season
s4799,d1709,1 season
s4805,d2939,1 season
s4808,d1301,1 season
s4810,d1244,1 season
s4814,d3977,1 season
s4816,d3098,1 season
s4819,d10,1 season
s4822,d2426,1 season
s4825,d1661,1 season
s4832,d2632,1 season
s4833,d1073,1 season
s4837,d3226,1 season
s4838,d1317,1 season
s4839,d4146,1 season
s4842,d3684,1 season
s4845,d3274,1 season
s4846,d146,1 season
s4847,d3041,1 season
s4849,d1463,1 season
s4853,d1585,1 season
s4854,d483,1 season
s4857,d3180,1 season
s4858,d1250,1 season
s4863,d631,1 season
s4866,d662,1 season
s4868,d3504,1 season
s4870,d2853,1 season
s4875,d2467,1 season
s4880,d988,1 season
s4899,d1547,1 season
s4901,d650,1 season
s4904,d969,1 season
s4907,d2638,1 season
s4909,d1101,1 season
s4911,d441,1 season
s4914,d770,1 season
s4915,d1344,1 season
s4925,d4359,1 season
s4926,d3730,1 season
s4927,d3907,1 season
s4931,d1578,1 season
s4934,d4009,1 season
s4942,d3352,1 season
s4943,d2350,1 season
s4947,d3603,1 season
s4950,d1242,1 season
s4952,d1126,1 season
s4958,d2602,1 season
s4962,d1191,1 season
s4965,d4132,1 season
s4968,d4449,1 season
s4969,d73,1 season
s4974,d1915,1 season
s4977,d2473,1 season
s4979,d3047,1 season
s4981,d708,1 season
s4985,d1805,1 season
s4986,d3714,1 season
s4989,d2565,1 season
s4992,d2476,1 season
s4993,d3611,1 season
s4995,d4256,1 season
s4998,d2824,1 season
s5001,d1736,1 season
s5005,d1586,1 season
s5027,d67,1 season
s5028,d3062,1 season
s5030,d2429,1 season
s5031,d4154,1 season
s5033,d342,1 season
s5036,d2775,1 season
s5037,d2818,1 season
s5039,d2662,1 season
s5047,d1233,1 season
s5049,d3875,1 season
s5055,d2402,1 season
s5058,d1495,1 season
s5064,d4212,1 season
s5066,d662,1 season
s5070,d3884,1 season
s5071,d3620,1 season
s5076,d1869,1 season
s5078,d2335,1 season
s5083,d3375,1 season
s5090,d1017,1 season
s5091,d4407,1 season
s5093,d208,1 season
s5096,d2666,1 season
s5097,d2494,1 season
s5098,d633,1 season
s5099,d2103,1 season
s5100,d2960,1 season
s5101,d3084,1 season
s5104,d1932,1 season
s5106,d3720,1 season
s5110,d2563,1 season
s5112,d1680,1 season
s5113,d237,1 season
s5119,d4444,1 season
s5120,d1541,1 season
s5121,d3944,1 season
s5126,d364,1 season
s5127,d2369,1 season
s5129,d286,1 season
s5139,d149,1 season
s5140,d4038,1 season
s5142,d1767,1 season
s5145,d1013,1 season
s5146,d2832,1 season
s5148,d2508,1 season
s5150,d1524,1 season
s5151,d2786,1 season
s5155,d2557,1 season
s5156,d3726,1 season
s5157,d1602,1 season
s5158,d2409,1 season
s5160,d341,1 season
s5166,d2818,1 season
s5167,d2497,1 season
s5169,d1726,1 season
s5170,d1690,1 season
s5171,d3268,1 season
s5174,d4407,1 season
s5175,d262,1 season
s5176,d1443,1 season
s5179,d406,1 season
s5181,d2191,1 season
s5185,d4438,1 season
s5186,d244,1 season
s5192,d4108,1 season
s5193,d561,1 season
s5194,d4138,1 season
s5195,d2726,1 season
s5196,d594,1 season
s5201,d1827,1 season
s5206,d3230,1 season
s5207,d3288,1 season
s5209,d4074,1 season
s5211,d134,1 season
s5216,d3139,1 season
s5217,d3920,1 season
s5220,d73,1 season
s5222,d4495,1 season
s5232,d4226,1 season
s5233,d2979,1 season
s5237,d4362,1 season
s5238,d1986,1 season
s5243,d793,1 season
s5244,d4260,1 season
s5245,d95,1 season
s5246,d1134,1 season
s5247,d238,1 season
s5248,d2947,1 season
s5251,d2531,1 season
s5252,d1961,1 season
s5255,d1049,1 season
s5258,d2530,1 season
s5259,d2965,1 season
s5260,d964,1 season
s5263,d537,1 season
s5264,d4224,1 season
s5273,d3680,1 season
s5275,d4188,1 season
s5279,d3725,1 season
s5281,d543,1 season
s5285,d846,1 season
s5286,d3604,1 season
s5287,d3037,1 season
s5288,d2495,1 season
s5289,d4486,1 season
s5290,d2720,1 season
s5298,d1885,1 season
s5299,d4139,1 season
s5300,d4350,1 season
s5302,d3202,1 season
s5306,d2711,1 season
s5321,d1954,1 season
s5322,d3851,1 season
s5325,d690,1 season
s5328,d1951,1 season
s5346,d457,1 season
s5348,d2131,1 season
s5349,d3977,1 season
s5350,d4245,1 season
s5351,d1180,1 season
s5353,d4286,1 season
s5355,d3566,1 season
s5356,d883,1 season
s5357,d400,1 season
s5361,d609,1 season
s5363,d1639,1 season
s5364,d2149,1 season
s5366,d1383,1 season
s5367,d1404,1 season
s5368,d820,1 season
s5373,d3293,1 season
s5381,d820,1 season
s5382,d420,1 season
s5383,d4220,1 season
s5384,d4518,1 season
s5385,d3303,1 season
s5387,d1509,1 season
s5389,d768,1 season
s5391,d2045,1 season
s5393,d2140,1 season
s5394,d3030,1 season
s5396,d1550,1 season
s5398,d1765,1 season
s5400,d2646,1 season
s5402,d3717,1 season
s5404,d4482,1 season
s5405,d2294,1 season
s5406,d2709,1 season
s5407,d901,1 season
s5408,d3085,1 season
s5410,d2010,1 season
s5411,d242,1 season
s5413,d2386,1 season
s5414,d4269,1 season
s5415,d672,1 season
s5422,d164,1 season
s5423,d465,1 season
s5426,d3043,1 season
s5429,d2443,1 season
s5434,d2356,1 season
s5435,d4279,1 season
s5436,d2558,1 season
s5437,d546,1 season
s5438,d3836,1 season
s5439,d594,1 season
s5440,d3805,1 season
s5445,d1460,1 season
s5446,d3494,1 season
s5458,d2602,1 season
s5459,d2445,1 season
s5460,d2673,1 season
s5465,d4201,1 season
s5466,d17,1 season
s5471,d3192,1 season
s5478,d393,1 season
s5480,d425,1 season
s5489,d572,1 season
s5495,d3632,1 season
s5510,d1121,1 season
s5511,d242,1 season
s5514,d3898,1 season
s5515,d4096,1 season
s5520,d2280,1 season
s5521,d789,1 season
s5522,d715,1 season
s5524,d2850,1 season
s5538,d776,1 season
s5539,d4027,1 season
s5543,d2248,1 season
s5555,d79,1 season
s5556,d3927,1 season
s5559,d856,1 season
s5563,d2149,1 season
s5564,d1032,1 season
s5567,d3272,1 season
s5568,d3577,1 season
s5570,d4183,1 season
s5576,d3457,1 season
s5579,d3507,1 season
s5581,d408,1 season
s5584,d2712,1 season
s5586,d3089,1 season
s5592,d1669,1 season
s5593,d148,1 season
s5594,d4328,1 season
s5599,d3898,1 season
s5602,d1951,1 season
s5604,d366,1 season
s5609,d1675,1 season
s5610,d4495,1 season
s5641,d2547,1 season
s5651,d563,1 season
s5654,d3563,1 season
s5655,d2490,1 season
s5656,d773,1 season
s5659,d2038,1 season
s5663,d3424,1 season
s5666,d2568,1 season
s5668,d1574,1 season
s5669,d3695,1 season
s5670,d3292,1 season
s5671,d1247,1 season
s5672,d3720,1 season
s5673,d3840,1 season
s5674,d360,1 season
s5675,d2377,1 season
s5676,d3010,1 season
s5678,d2994,1 season
s5681,d963,1 season
s5684,d3633,1 season
s5685,d1828,1 season
s5687,d1614,1 season
s5691,d1641,1 season
s5693,d2217,1 season
s5700,d4313,1 season
s5701,d378,1 season
s5704,d4215,1 season
s5708,d4286,1 season
s5716,d370,1 season
s5717,d2197,1 season
s5721,d3748,1 season
s5723,d652,1 season
s5724,d770,1 season
s5728,d2422,1 season
s5729,d781,1 season
s5730,d1717,1 season
s5731,d3984,1 season
s5732,d1312,1 season
s5733,d3360,1 season
s5742,d523,1 season
s5745,d522,1 season
s5752,d2321,1 season
s5753,d936,1 season
s5754,d2231,1 season
s5760,d4041,1 season
s5763,d3698,1 season
s5764,d2838,1 season
s5767,d4084,1 season
s5769,d2462,1 season
s5770,d3244,1 season
s5772,d3360,1 season
s5775,d686,1 season
s5778,d2161,1 season
s5782,d3989,1 season
s5786,d4067,1 season
s5800,d1568,1 season
s5801,d39,1 season
s5802,d2545,1 season
s5803,d1257,1 season
s5804,d2991,1 season
s5806,d2197,1 season
s5807,d3469,1 season
s5808,d2709,1 season
s5812,d302,1 season
s5813,d647,1 season
s5823,d1760,1 season
s5824,d4352,1 season
s5826,d598,1 season
s5828,d662,1 season
s5830,d4331,1 season
s5835,d1369,1 season
s5837,d2582,1 season
s5839,d3869,1 season
s5844,d3538,1 season
s5845,d4309,1 season
s5846,d283,1 season
s5854,d3679,1 season
s5856,d1487,1 season
s5857,d4083,1 season
s5863,d4184,1 season
s5864,d461,1 season
s5867,d2326,1 season
s5868,d3755,1 season
s5870,d2469,1 season
s5871,d1725,1 season
s5872,d1377,1 season
s5878,d2744,1 season
s5883,d515,1 season
s5886,d703,1 season
s5889,d1654,1 season
s5896,d2067,1 season
s5901,d23,1 season
s5903,d2461,1 season
s5909,d1305,1 season
s5915,d3301,1 season
s5923,d362,1 season
s5924,d3728,1 season
s5934,d1285,1 season
s5940,d515,1 season
s5941,d449,1 season
s5965,d1856,1 season
s5975,d3563,1 season
s5979,d2521,1 season
s5985,d3082,1 season
s5987,d1429,1 season
s6002,d3968,1 season
s6025,d923,1 season
s6027,d3138,1 season
s6038,d2160,1 season
s6045,d2548,1 season
s6068,d2282,1 season
s6080,d2650,1 season
s6090,d314,1 season
s6095,d2614,1 season
s6101,d3084,1 season
s6102,d2257,1 season
s6103,d1038,1 season
s6106,d3490,1 season
s6127,d2635,1 season
s6133,d3984,1 season
s6138,d1779,1 season
s6140,d3896,1 season
s6147,d1125,1 season
s6157,d698,1 season
s6162,d2180,1 season
s6167,d1405,1 season
s6168,d1044,1 season
s6178,d1014,1 season
s6195,d227,1 season
s6199,d1829,1 season
s6214,d2024,1 season
s6217,d2453,1 season
s6220,d2086,1 season
s6229,d4284,1 season
s6250,d1081,1 season
s6251,d2321,1 season
s6253,d3191,1 season
s6254,d2631,1 season
s6259,d2564,1 season
s6263,d3293,1 season
s6264,d3587,1 season
s6265,d4432,1 season
s6266,d2948,1 season
s6276,d3960,1 season
s6277,d2814,1 season
s6280,d2584,1 season
s6282,d162,1 season
s6292,d594,1 season
s6295,d3260,1 season
s6296,d4156,1 season
s6302,d2963,1 season
s6305,d3889,1 season
s6319,d3391,1 season
s6320,d4502,1 season
s6324,d664,1 season
s6336,d1133,1 season
s6342,d542,1 season
s6348,d2975,1 season
s6358,d868,1 season
s6361,d2067,1 season
s6362,d432,1 season
s6365,d4279,1 season
s6369,d1207,1 season
s6372,d2529,1 season
s6374,d1170,1 season
s6379,d831,1 season
s6382,d1652,1 season
s6386,d1137,1 season
s6390,d2811,1 season
s6394,d476,1 season
s6399,d2811,1 season
s6402,d1327,1 season
s6405,d1020,1 season
s6408,d1837,1 season
s6409,d4257,1 season
s6412,d2449,1 season
s6414,d4294,1 season
s6417,d1284,1 season
s6421,d660,1 season
s6427,d2011,1 season
s6431,d399,1 season
s6452,d1734,1 season
s6456,d2126,1 season
s6457,d2172,1 season
s6458,d75,1 season
s6460,d3472,1 season
s6461,d837,1 season
s6470,d500,1 season
s6478,d138,1 season
s6484,d2098,1 season
s6488,d3697,1 season
s6491,d1886,1 season
s6496,d2758,1 season
s6499,d3921,1 season
s6505,d1901,1 season
s6506,d2611,1 season
s6507,d3987,1 season
s6508,d1450,1 season
s6509,d547,1 season
s6510,d2004,1 season
s6514,d2097,1 season
s6515,d704,1 season
s6520,d2404,1 season
s6521,d1626,1 season
s6525,d3332,1 season
s6533,d2979,1 season
s6539,d2840,1 season
s6543,d3385,1 season
s6550,d2660,1 season
s6557,d1862,1 season
s6560,d2857,1 season
s6561,d686,1 season
s6569,d4284,1 season
s6572,d1620,1 season
s6573,d1432,1 season
s6587,d876,1 season
s6588,d2462,1 season
s6602,d1366,1 season
s6604,d1244,1 season
s6612,d163,1 season
s6614,d1975,1 season
s6619,d3292,1 season
s6636,d270,1 season
s6647,d632,1 season
s6652,d906,1 season
s6653,d3472,1 season
s6659,d3254,1 season
s6660,d2015,1 season
s6661,d1642,1 season
s6664,d205,1 season
s6672,d582,1 season
s6673,d841,1 season
s6674,d1720,1 season
s6675,d2644,1 season
s6677,d2298,1 season
s6679,d875,1 season
s6691,d690,1 season
s6694,d4001,1 season
s6696,d3142,1 season
s6698,d1423,1 season
s6710,d672,1 season
s6715,d1172,1 season
s6718,d3727,1 season
s6719,d944,1 season
s6725,d1450,1 season
s6729,d3738,1 season
s6732,d2540,1 season
s6733,d3960,1 season
s6742,d4261,1 season
s6743,d2362,1 season
s6745,d3653,1 season
s6751,d3671,1 season
s6764,d1754,1 season
s6767,d2353,1 season
s6771,d1939,1 season
s6774,d371,1 season
s6775,d4480,1 season
s6783,d1932,1 season
s6786,d425,1 season
s6789,d895,1 season
s6792,d598,1 season
s6804,d2337,1 season
s6811,d573,1 season
s6821,d2091,1 season
s6823,d3670,1 season
s6825,d4273,1 season
s6826,d1634,1 season
s6828,d1518,1 season
s6835,d4294,1 season
s6836,d2658,1 season
s6837,d3649,1 season
s6839,d3589,1 season
s6842,d1538,1 season
s6850,d3138,1 season
s6858,d98,1 season
s6869,d3216,1 season
s6872,d3751,1 season
s6874,d3158,1 season
s6886,d344,1 season
s6890,d611,1 season
s6891,d1728,1 season
s6895,d2291,1 season
s6896,d1855,1 season
s6907,d2080,1 season
s6918,d2325,1 season
s6920,d1178,1 season
s6923,d1092,1 season
s6924,d2792,1 season
s6931,d1750,1 season
s6933,d2676,1 season
s6936,d782,1 season
s6938,d3049,1 season
s6942,d2106,1 season
s6952,d3868,1 season
s6954,d2114,1 season
s6956,d3971,1 season
s6964,d1992,1 season
s6966,d1068,1 season
s6970,d1578,1 season
s6971,d1012,1 season
s6972,d2275,1 season
s6975,d1815,1 season
s6977,d2427,1 season
s6982,d4403,1 season
s6997,d2552,1 season
s6999,d3658,1 season
s7007,d8,1 season
s7018,d2556,1 season
s7025,d476,1 season
s7029,d2212,1 season
s7030,d485,1 season
s7034,d2286,1 season
s7040,d3526,1 season
s7051,d3340,1 season
s7055,d2823,1 season
s7060,d2925,1 season
s7070,d259,1 season
s7081,d283,1 season
s7082,d1899,1 season
s7083,d4136,1 season
s7084,d2977,1 season
s7086,d2268,1 season
s7099,d3201,1 season
s7101,d613,1 season
s7102,d688,1 season
s7113,d3691,1 season
s7121,d613,1 season
s7124,d2308,1 season
s7126,d3014,1 season
s7130,d1782,1 season
s7132,d2592,1 season
s7141,d2697,1 season
s7143,d3959,1 season
s7144,d575,1 season
s7149,d1911,1 season
s7156,d3605,1 season
s7158,d670,1 season
s7176,d4365,1 season
s7177,d1284,1 season
s7178,d924,1 season
s7183,d1126,1 season
s7185,d1530,1 season
s7186,d1595,1 season
s7188,d247,1 season
s7210,d1561,1 season
s7215,d2401,1 season
s7216,d2244,1 season
s7218,d3865,1 season
s7223,d1940,1 season
s7236,d3070,1 season
s7246,d227,1 season
s7256,d265,1 season
s7257,d1396,1 season
s7258,d3558,1 season
s7259,d646,1 season
s7265,d2991,1 season
s7267,d1900,1 season
s7269,d2505,1 season
s7280,d2773,1 season
s7286,d1155,1 season
s7288,d588,1 season
s7289,d1822,1 season
s7292,d986,1 season
s7296,d4080,1 season
s7298,d3349,1 season
s7301,d3832,1 season
s7302,d1242,1 season
s7308,d190,1 season
s7313,d981,1 season
s7322,d1699,1 season
s7325,d1716,1 season
s7326,d2594,1 season
s7332,d4137,1 season
s7334,d4434,1 season
s7339,d1099,1 season
s7341,d2327,1 season
s7343,d3248,1 season
s7344,d896,1 season
s7349,d1675,1 season
s7350,d2910,1 season
s7354,d931,1 season
s7360,d4385,1 season
s7369,d724,1 season
s7376,d2941,1 season
s7377,d1090,1 season
s7382,d936,1 season
s7383,d2296,1 season
s7384,d156,1 season
s7386,d1071,1 season
s7393,d1959,1 season
s7405,d2502,1 season
s7409,d3831,1 season
s7410,d855,1 season
s7419,d640,1 season
s7436,d2239,1 season
s7437,d1603,1 season
s7439,d442,1 season
s7447,d1337,1 season
s7448,d3701,1 season
s7450,d949,1 season
s7454,d3374,1 season
s7456,d460,1 season
s7458,d393,1 season
s7460,d3939,1 season
s7464,d1788,1 season
s7469,d2258,1 season
s7481,d1139,1 season
s7484,d3809,1 season
s7486,d2455,1 season
s7503,d1467,1 season
s7505,d3675,1 season
s7506,d1378,1 season
s7522,d2598,1 season
s7529,d142,1 season
s7530,d2660,1 season
s7539,d840,1 season
s7541,d3619,1 season
s7548,d3918,1 season
s7552,d596,1 season
s7569,d1905,1 season
s7570,d281,1 season
s7572,d424,1 season
s7573,d4366,1 season
s7574,d4250,1 season
s7575,d1751,1 season
s7577,d1968,1 season
s7587,d4089,1 season
s7589,d4179,1 season
s7590,d2947,1 season
s7594,d1450,1 season
s7598,d2332,1 season
s7624,d2221,1 season
s7625,d3790,1 season
s7628,d2811,1 season
s7629,d1532,1 season
s7630,d2991,1 season
s7633,d4494,1 season
s7641,d1144,1 season
s7647,d934,1 season
s7649,d1461,1 season
s7650,d2724,1 season
s7667,d2513,1 season
s7672,d286,1 season
s7675,d265,1 season
s7676,d2368,1 season
s7680,d3448,1 season
s7690,d1763,1 season
s7694,d3049,1 season
s7699,d2382,1 season
s7706,d2270,1 season
s7710,d41,1 season
s7711,d68,1 season
s7719,d988,1 season
s7722,d4009,1 season
s7726,d3199,1 season
s7730,d2525,1 season
s7744,d1086,1 season
s7748,d2480,1 season
s7749,d1694,1 season
s7757,d2316,1 season
s7760,d779,1 season
s7761,d1586,1 season
s7762,d1493,1 season
s7763,d661,1 season
s7764,d1349,1 season
s7765,d1300,1 season
s7766,d3941,1 season
s7767,d1987,1 season
s7768,d2045,1 season
s7769,d3517,1 season
s7770,d1059,1 season
s7771,d977,1 season
s7772,d728,1 season
s7773,d2528,1 season
s7774,d3137,1 season
s7778,d343,1 season
s7780,d1448,1 season
s7783,d2380,1 season
s7784,d3660,1 season
s7785,d527,1 season
s7786,d1897,1 season
s7787,d2074,1 season
s7796,d406,1 season
s7799,d1574,1 season
s7801,d3741,1 season
s7807,d4275,1 season
s7809,d4228,1 season
s7811,d1847,1 season
s7813,d1479,1 season
s7814,d2396,1 season
s7816,d772,1 season
s7829,d579,1 season
s7836,d2902,1 season
s7839,d194,1 season
s7841,d2008,1 season
s7843,d1186,1 season
s7851,d2999,1 season
s7857,d1793,1 season
s7863,d1111,1 season
s7865,d4006,1 season
s7868,d2262,1 season
s7871,d3737,1 season
s7873,d3794,1 season
s7879,d1937,1 season
s7893,d4358,1 season
s7897,d730,1 season
s7898,d4379,1 season
s7907,d3452,1 season
s7909,d4458,1 season
s7919,d2141,1 season
s7943,d1645,1 season
s7949,d2801,1 season
s7954,d142,1 season
s7969,d1456,1 season
s7983,d2097,1 season
s7985,d1326,1 season
s7992,d1214,1 season
s7994,d1160,1 season
s8003,d4500,1 season
s8016,d341,1 season
s8021,d3829,1 season
s8022,d1969,1 season
s8023,d704,1 season
s8031,d4414,1 season
s8032,d2430,1 season
s8041,d1801,1 season
s8059,d856,1 season
s8063,d1813,1 season
s8065,d2867,1 season
s8071,d3643,1 season
s8084,d183,1 season
s8086,d3113,1 season
s8094,d4493,1 season
s8095,d1518,1 season
s8098,d1357,1 season
s8103,d2175,1 season
s8108,d3630,1 season
s8110,d3629,1 season
s8118,d4097,1 season
s8122,d3240,1 season
s8126,d3692,1 season
s8130,d19,1 season
s8133,d3404,1 season
s8138,d3005,1 season
s8144,d1133,1 season
s8148,d3340,1 season
s8149,d3312,1 season
s8166,d3373,1 season
s8173,d988,1 season
s8174,d3322,1 season
s8175,d174,1 season
s8176,d3742,1 season
s8181,d3053,1 season
s8190,d3761,1 season
s8194,d1876,1 season
s8200,d4034,1 season
s8207,d990,1 season
s8208,d3745,1 season
s8209,d2687,1 season
s8210,d420,1 season
s8215,d594,1 season
s8217,d1775,1 season
s8236,d2460,1 season
s8244,d936,1 season
s8251,d3809,1 season
s8258,d332,1 season
s8263,d3450,1 season
s8272,d2703,1 season
s8278,d4007,1 season
s8283,d3869,1 season
s8288,d4201,1 season
s8294,d202,1 season
s8303,d2498,1 season
s8312,d1843,1 season
s8316,d1867,1 season
s8317,d1997,1 season
s8322,d910,1 season
s8332,d4306,1 season
s8335,d3190,1 season
s8337,d771,1 season
s8348,d3156,1 season
s8350,d2502,1 season
s8354,d2715,1 season
s8358,d3586,1 season
s8367,d1629,1 season
s8369,d387,1 season
s8372,d3422,1 season
s8374,d4009,1 season
s8377,d4094,1 season
s8379,d4364,1 season
s8380,d2467,1 season
s8393,d2283,1 season
s8398,d1857,1 season
s8412,d1999,1 season
s8422,d1237,1 season
s8423,d4145,1 season
s8424,d1151,1 season
s8425,d4319,1 season
s8429,d1432,1 season
s8430,d1820,1 season
s8432,d2325,1 season
s8438,d1131,1 season
s8440,d2659,1 season
s8443,d3501,1 season
s8472,d375,1 season
s8475,d2121,1 season
s8477,d4021,1 season
s8483,d2022,1 season
s8491,d3706,1 season
s8504,d3260,1 season
s8511,d3436,1 season
s8519,d1890,1 season
s8520,d1824,1 season
s8524,d1475,1 season
s8534,d2243,1 season
s8540,d3244,1 season
s8542,d3135,1 season
s8545,d2071,1 season
s8546,d360,1 season
s8550,d2042,1 season
s8552,d1142,1 season
s8558,d1636,1 season
s8561,d4001,1 season
s8568,d1944,1 season
s8575,d3362,1 season
s8576,d2981,1 season
s8589,d7,1 season
s8593,d3268,1 season
s8594,d1592,1 season
s8597,d3265,1 season
s8600,d2607,1 season
s8601,d3220,1 season
s8605,d3274,1 season
s8606,d914,1 season
s8610,d2012,1 season
s8634,d1443,1 season
s8645,d3055,1 season
s8647,d3547,1 season
s8654,d4222,1 season
s8670,d2929,1 season
s8680,d1830,1 season
s8685,d576,1 season
s8691,d930,1 season
s8701,d3760,1 season
s8711,d3700,1 season
s8713,d1464,1 season
s8721,d3276,1 season
s8722,d1055,1 season
s8727,d1901,1 season
s8737,d1458,1 season
s8741,d1400,1 season
s8742,d3416,1 season
s8748,d443,1 season
s8750,d3651,1 season
s8756,d1179,1 season
s8759,d4459,1 season
s8776,d1258,1 season
s8781,d3635,1 season
s8784,d1842,1 season
s8786,d2310,1 season
s8796,d911,1 season
s8797,d4341,1 season
s8798,d4010,1 season
s8801,d2170,1 season
s8804,d2173,1 season
